<?xml version="1.0" encoding="UTF-8" ?>
<module>
	<name>custompopup</name>
	<displayName><![CDATA[Your popup notification]]></displayName>
	<version><![CDATA[1.0]]></version>
	<description><![CDATA[Display, manage and customize a popup window for Your homepage.]]></description>
	<author><![CDATA[PrestaCraft]]></author>
	<tab><![CDATA[front_office_features]]></tab>
	<confirmUninstall><![CDATA[Are you sure you want to uninstall?]]></confirmUninstall>
	<is_configurable>1</is_configurable>
	<need_instance>0</need_instance>
	<limited_countries></limited_countries>
</module>
